Id,FullName,ContactInfo,MonthlyIncome,UserId
1,Elena Cruz,elena.cruz@email.com,16920.37,1
2,Juan Santos,juan.santos@email.com,43123.0,2
3,Lucia Lopez,lucia.lopez@email.com,30605.34,3
4,Francisco Torres,francisco.torres@email.com,37938.92,4
5,Antonio Cruz,antonio.cruz@email.com,27426.89,5
6,Lucia Perez,lucia.perez@email.com,27710.24,6
7,Isabel Garcia,isabel.garcia@email.com,33209.77,7
8,Jose Santos,jose.santos@email.com,41701.52,8
9,Elena Reyes,elena.reyes@email.com,44237.57,9
10,Jose Lopez,jose.lopez@email.com,30925.73,10
11,Jose Reyes,jose.reyes@email.com,28012.56,11
12,Manuel Bautista,manuel.bautista@email.com,29211.01,12
13,Juan Gonzales,juan.gonzales@email.com,37512.06,13
14,Antonio Gonzales,antonio.gonzales@email.com,19900.89,14
15,Carmen Lopez,carmen.lopez@email.com,38746.32,15
16,Elena Reyes,elena.reyes@email.com,17828.83,16
17,Isabel Santos,isabel.santos@email.com,16819.04,17
18,Juan Reyes,juan.reyes@email.com,39392.57,18
19,Elena Torres,elena.torres@email.com,15520.36,19
20,Juan Santos,juan.santos@email.com,23260.59,20
21,Jose Perez,jose.perez@email.com,39843.74,21
22,Isabel Perez,isabel.perez@email.com,22788.16,22
23,Maria Lopez,maria.lopez@email.com,23747.14,23
24,Isabel Santos,isabel.santos@email.com,38891.91,24
25,Lucia Torres,lucia.torres@email.com,15566.87,25
26,Carmen Bautista,carmen.bautista@email.com,17137.94,26
27,Manuel Cruz,manuel.cruz@email.com,26283.72,27
28,Francisco Torres,francisco.torres@email.com,16969.41,28
29,Francisco Dela Cruz,francisco.dela.cruz@email.com,39352.32,29
30,Isabel Cruz,isabel.cruz@email.com,25779.83,30
31,Isabel Cruz,isabel.cruz@email.com,26092.8,31
32,Manuel Dela Cruz,manuel.dela.cruz@email.com,19540.17,32
33,Manuel Santos,manuel.santos@email.com,25819.06,33
34,Lucia Santos,lucia.santos@email.com,31045.47,34
35,Maria Perez,maria.perez@email.com,42069.0,35
36,Lucia Gonzales,lucia.gonzales@email.com,28893.82,36
37,Francisco Cruz,francisco.cruz@email.com,17381.75,37
38,Antonio Torres,antonio.torres@email.com,37953.65,38
39,Antonio Santos,antonio.santos@email.com,15137.96,39
40,Francisco Reyes,francisco.reyes@email.com,41144.63,40
41,Jose Dela Cruz,jose.dela.cruz@email.com,36194.81,41
42,Isabel Santos,isabel.santos@email.com,24512.3,42
43,Manuel Cruz,manuel.cruz@email.com,26244.0,43
44,Jose Lopez,jose.lopez@email.com,30462.77,44
45,Elena Reyes,elena.reyes@email.com,30725.76,45
46,Francisco Perez,francisco.perez@email.com,31998.94,46
47,Lucia Lopez,lucia.lopez@email.com,36843.41,47
48,Maria Perez,maria.perez@email.com,29435.11,48
49,Juan Perez,juan.perez@email.com,40699.33,49
50,Jose Garcia,jose.garcia@email.com,34278.44,50
51,Manuel Garcia,manuel.garcia@email.com,35180.89,51
52,Juan Reyes,juan.reyes@email.com,25642.06,52
53,Carmen Torres,carmen.torres@email.com,32655.25,53
54,Francisco Dela Cruz,francisco.dela.cruz@email.com,30012.84,54
55,Lucia Santos,lucia.santos@email.com,42830.67,55
56,Maria Santos,maria.santos@email.com,18383.56,56
57,Carmen Reyes,carmen.reyes@email.com,20189.1,57
58,Jose Santos,jose.santos@email.com,15053.66,58
59,Isabel Cruz,isabel.cruz@email.com,39487.12,59
60,Francisco Dela Cruz,francisco.dela.cruz@email.com,24593.83,60
61,Manuel Perez,manuel.perez@email.com,22673.28,61
62,Carmen Perez,carmen.perez@email.com,44852.13,62
63,Juan Bautista,juan.bautista@email.com,43459.43,63
64,Maria Gonzales,maria.gonzales@email.com,23346.51,64
65,Francisco Garcia,francisco.garcia@email.com,38058.93,65
66,Elena Santos,elena.santos@email.com,21348.54,66
67,Lucia Bautista,lucia.bautista@email.com,30251.33,67
68,Elena Santos,elena.santos@email.com,36089.36,68
69,Carmen Perez,carmen.perez@email.com,18244.99,69
70,Isabel Cruz,isabel.cruz@email.com,32611.84,70
71,Juan Lopez,juan.lopez@email.com,16201.23,71
72,Carmen Dela Cruz,carmen.dela.cruz@email.com,41130.76,72
73,Lucia Garcia,lucia.garcia@email.com,21864.0,73
74,Carmen Torres,carmen.torres@email.com,28827.33,74
75,Lucia Perez,lucia.perez@email.com,17437.52,75
76,Elena Torres,elena.torres@email.com,42721.73,76
77,Maria Gonzales,maria.gonzales@email.com,22718.67,77
78,Lucia Perez,lucia.perez@email.com,31649.87,78
79,Carmen Perez,carmen.perez@email.com,17485.01,79
80,Elena Lopez,elena.lopez@email.com,17487.45,80
81,Carmen Santos,carmen.santos@email.com,23400.91,81
82,Elena Lopez,elena.lopez@email.com,30674.11,82
83,Manuel Cruz,manuel.cruz@email.com,41408.52,83
84,Lucia Dela Cruz,lucia.dela.cruz@email.com,40875.62,84
85,Francisco Lopez,francisco.lopez@email.com,20846.62,85
86,Carmen Gonzales,carmen.gonzales@email.com,22087.73,86
87,Manuel Gonzales,manuel.gonzales@email.com,16230.42,87
88,Isabel Gonzales,isabel.gonzales@email.com,19172.78,88
89,Lucia Bautista,lucia.bautista@email.com,30542.97,89
90,Lucia Bautista,lucia.bautista@email.com,35325.58,90
91,Juan Bautista,juan.bautista@email.com,33612.02,91
92,Jose Santos,jose.santos@email.com,34852.33,92
93,Lucia Gonzales,lucia.gonzales@email.com,35543.09,93
94,Isabel Dela Cruz,isabel.dela.cruz@email.com,19898.27,94
95,Juan Bautista,juan.bautista@email.com,29060.85,95
96,Lucia Reyes,lucia.reyes@email.com,17112.08,96
97,Jose Garcia,jose.garcia@email.com,22885.81,97
98,Carmen Dela Cruz,carmen.dela.cruz@email.com,19774.83,98
99,Isabel Cruz,isabel.cruz@email.com,27755.73,99
100,Lucia Dela Cruz,lucia.dela.cruz@email.com,42460.07,100
101,Carmen Garcia,carmen.garcia@email.com,28496.55,101
102,Carmen Gonzales,carmen.gonzales@email.com,29295.66,102
103,Antonio Torres,antonio.torres@email.com,42886.24,103
104,Jose Bautista,jose.bautista@email.com,20190.79,104
105,Francisco Dela Cruz,francisco.dela.cruz@email.com,33559.26,105
106,Jose Cruz,jose.cruz@email.com,25011.99,106
107,Lucia Gonzales,lucia.gonzales@email.com,39935.78,107
108,Manuel Garcia,manuel.garcia@email.com,19818.34,108
109,Carmen Santos,carmen.santos@email.com,27794.83,109
110,Juan Perez,juan.perez@email.com,36010.9,110
111,Lucia Torres,lucia.torres@email.com,26639.14,111
112,Antonio Gonzales,antonio.gonzales@email.com,43037.52,112
113,Lucia Lopez,lucia.lopez@email.com,18016.01,113
114,Lucia Reyes,lucia.reyes@email.com,38755.95,114
115,Antonio Dela Cruz,antonio.dela.cruz@email.com,34676.02,115
116,Maria Lopez,maria.lopez@email.com,43275.01,116
117,Manuel Torres,manuel.torres@email.com,26572.85,117
118,Elena Gonzales,elena.gonzales@email.com,32019.09,118
119,Carmen Gonzales,carmen.gonzales@email.com,42939.71,119
120,Maria Perez,maria.perez@email.com,19056.31,120
121,Elena Bautista,elena.bautista@email.com,25171.78,121
122,Elena Lopez,elena.lopez@email.com,42572.12,122
123,Francisco Perez,francisco.perez@email.com,17118.9,123
124,Francisco Lopez,francisco.lopez@email.com,42013.18,124
125,Isabel Lopez,isabel.lopez@email.com,43447.23,125
126,Isabel Perez,isabel.perez@email.com,42794.39,126
127,Jose Dela Cruz,jose.dela.cruz@email.com,17115.6,127
128,Lucia Cruz,lucia.cruz@email.com,23593.83,128
129,Manuel Perez,manuel.perez@email.com,18118.14,129
130,Lucia Dela Cruz,lucia.dela.cruz@email.com,36621.52,130
131,Manuel Cruz,manuel.cruz@email.com,32399.62,131
132,Francisco Dela Cruz,francisco.dela.cruz@email.com,27926.05,132
133,Lucia Reyes,lucia.reyes@email.com,36157.46,133
134,Maria Perez,maria.perez@email.com,32423.8,134
135,Jose Perez,jose.perez@email.com,34469.42,135
136,Jose Bautista,jose.bautista@email.com,22073.55,136
137,Juan Perez,juan.perez@email.com,34651.08,137
138,Manuel Bautista,manuel.bautista@email.com,33898.02,138
139,Francisco Dela Cruz,francisco.dela.cruz@email.com,22971.69,139
140,Manuel Santos,manuel.santos@email.com,16485.68,140
141,Manuel Gonzales,manuel.gonzales@email.com,15308.15,141
142,Isabel Cruz,isabel.cruz@email.com,16971.82,142
143,Maria Garcia,maria.garcia@email.com,37187.56,143
144,Carmen Gonzales,carmen.gonzales@email.com,32892.64,144
145,Antonio Garcia,antonio.garcia@email.com,29202.5,145
146,Jose Dela Cruz,jose.dela.cruz@email.com,29276.18,146
147,Francisco Garcia,francisco.garcia@email.com,22643.87,147
148,Jose Reyes,jose.reyes@email.com,23961.48,148
149,Juan Perez,juan.perez@email.com,32257.3,149
150,Juan Cruz,juan.cruz@email.com,32351.62,150
