Id,Username,Password,Role
1,user_1,pass_1123,Borrower
2,user_2,pass_2123,Borrower
3,user_3,pass_3123,Borrower
4,user_4,pass_4123,Borrower
5,user_5,pass_5123,Borrower
6,user_6,pass_6123,Borrower
7,user_7,pass_7123,Borrower
8,user_8,pass_8123,Borrower
9,user_9,pass_9123,Borrower
10,user_10,pass_10123,Borrower
11,user_11,pass_11123,Borrower
12,user_12,pass_12123,Borrower
13,user_13,pass_13123,Borrower
14,user_14,pass_14123,Borrower
15,user_15,pass_15123,Borrower
16,user_16,pass_16123,Borrower
17,user_17,pass_17123,Borrower
18,user_18,pass_18123,Borrower
19,user_19,pass_19123,Borrower
20,user_20,pass_20123,Borrower
21,user_21,pass_21123,Borrower
22,user_22,pass_22123,Borrower
23,user_23,pass_23123,Borrower
24,user_24,pass_24123,Borrower
25,user_25,pass_25123,Borrower
26,user_26,pass_26123,Borrower
27,user_27,pass_27123,Borrower
28,user_28,pass_28123,Borrower
29,user_29,pass_29123,Borrower
30,user_30,pass_30123,Borrower
31,user_31,pass_31123,Borrower
32,user_32,pass_32123,Borrower
33,user_33,pass_33123,Borrower
34,user_34,pass_34123,Borrower
35,user_35,pass_35123,Borrower
36,user_36,pass_36123,Borrower
37,user_37,pass_37123,Borrower
38,user_38,pass_38123,Borrower
39,user_39,pass_39123,Borrower
40,user_40,pass_40123,Borrower
41,user_41,pass_41123,Borrower
42,user_42,pass_42123,Borrower
43,user_43,pass_43123,Borrower
44,user_44,pass_44123,Borrower
45,user_45,pass_45123,Borrower
46,user_46,pass_46123,Borrower
47,user_47,pass_47123,Borrower
48,user_48,pass_48123,Borrower
49,user_49,pass_49123,Borrower
50,user_50,pass_50123,Borrower
51,user_51,pass_51123,Borrower
52,user_52,pass_52123,Borrower
53,user_53,pass_53123,Borrower
54,user_54,pass_54123,Borrower
55,user_55,pass_55123,Borrower
56,user_56,pass_56123,Borrower
57,user_57,pass_57123,Borrower
58,user_58,pass_58123,Borrower
59,user_59,pass_59123,Borrower
60,user_60,pass_60123,Borrower
61,user_61,pass_61123,Borrower
62,user_62,pass_62123,Borrower
63,user_63,pass_63123,Borrower
64,user_64,pass_64123,Borrower
65,user_65,pass_65123,Borrower
66,user_66,pass_66123,Borrower
67,user_67,pass_67123,Borrower
68,user_68,pass_68123,Borrower
69,user_69,pass_69123,Borrower
70,user_70,pass_70123,Borrower
71,user_71,pass_71123,Borrower
72,user_72,pass_72123,Borrower
73,user_73,pass_73123,Borrower
74,user_74,pass_74123,Borrower
75,user_75,pass_75123,Borrower
76,user_76,pass_76123,Borrower
77,user_77,pass_77123,Borrower
78,user_78,pass_78123,Borrower
79,user_79,pass_79123,Borrower
80,user_80,pass_80123,Borrower
81,user_81,pass_81123,Borrower
82,user_82,pass_82123,Borrower
83,user_83,pass_83123,Borrower
84,user_84,pass_84123,Borrower
85,user_85,pass_85123,Borrower
86,user_86,pass_86123,Borrower
87,user_87,pass_87123,Borrower
88,user_88,pass_88123,Borrower
89,user_89,pass_89123,Borrower
90,user_90,pass_90123,Borrower
91,user_91,pass_91123,Borrower
92,user_92,pass_92123,Borrower
93,user_93,pass_93123,Borrower
94,user_94,pass_94123,Borrower
95,user_95,pass_95123,Borrower
96,user_96,pass_96123,Borrower
97,user_97,pass_97123,Borrower
98,user_98,pass_98123,Borrower
99,user_99,pass_99123,Borrower
100,user_100,pass_100123,Borrower
101,user_101,pass_101123,Borrower
102,user_102,pass_102123,Borrower
103,user_103,pass_103123,Borrower
104,user_104,pass_104123,Borrower
105,user_105,pass_105123,Borrower
106,user_106,pass_106123,Borrower
107,user_107,pass_107123,Borrower
108,user_108,pass_108123,Borrower
109,user_109,pass_109123,Borrower
110,user_110,pass_110123,Borrower
111,user_111,pass_111123,Borrower
112,user_112,pass_112123,Borrower
113,user_113,pass_113123,Borrower
114,user_114,pass_114123,Borrower
115,user_115,pass_115123,Borrower
116,user_116,pass_116123,Borrower
117,user_117,pass_117123,Borrower
118,user_118,pass_118123,Borrower
119,user_119,pass_119123,Borrower
120,user_120,pass_120123,Borrower
121,user_121,pass_121123,Borrower
122,user_122,pass_122123,Borrower
123,user_123,pass_123123,Borrower
124,user_124,pass_124123,Borrower
125,user_125,pass_125123,Borrower
126,user_126,pass_126123,Borrower
127,user_127,pass_127123,Borrower
128,user_128,pass_128123,Borrower
129,user_129,pass_129123,Borrower
130,user_130,pass_130123,Borrower
131,user_131,pass_131123,Borrower
132,user_132,pass_132123,Borrower
133,user_133,pass_133123,Borrower
134,user_134,pass_134123,Borrower
135,user_135,pass_135123,Borrower
136,user_136,pass_136123,Borrower
137,user_137,pass_137123,Borrower
138,user_138,pass_138123,Borrower
139,user_139,pass_139123,Borrower
140,user_140,pass_140123,Borrower
141,user_141,pass_141123,Borrower
142,user_142,pass_142123,Borrower
143,user_143,pass_143123,Borrower
144,user_144,pass_144123,Borrower
145,user_145,pass_145123,Borrower
146,user_146,pass_146123,Borrower
147,user_147,pass_147123,Borrower
148,user_148,pass_148123,Borrower
149,user_149,pass_149123,Borrower
150,user_150,pass_150123,Borrower
151,user_151,pass_151123,Lender
152,user_152,pass_152123,Lender
153,user_153,pass_153123,Lender
154,user_154,pass_154123,Lender
155,user_155,pass_155123,Lender
156,user_156,pass_156123,Lender
157,user_157,pass_157123,Lender
158,user_158,pass_158123,Lender
159,user_159,pass_159123,Lender
160,user_160,pass_160123,Lender
161,user_161,pass_161123,Lender
162,user_162,pass_162123,Lender
163,user_163,pass_163123,Lender
164,user_164,pass_164123,Lender
165,user_165,pass_165123,Lender
166,user_166,pass_166123,Lender
167,user_167,pass_167123,Lender
168,user_168,pass_168123,Lender
169,user_169,pass_169123,Lender
170,user_170,pass_170123,Lender
171,user_171,pass_171123,Lender
172,user_172,pass_172123,Lender
173,user_173,pass_173123,Lender
174,user_174,pass_174123,Lender
175,user_175,pass_175123,Lender
176,user_176,pass_176123,Lender
177,user_177,pass_177123,Lender
178,user_178,pass_178123,Lender
179,user_179,pass_179123,Lender
180,user_180,pass_180123,Lender
181,user_181,pass_181123,Lender
182,user_182,pass_182123,Lender
183,user_183,pass_183123,Lender
184,user_184,pass_184123,Lender
185,user_185,pass_185123,Lender
186,user_186,pass_186123,Lender
187,user_187,pass_187123,Lender
188,user_188,pass_188123,Lender
189,user_189,pass_189123,Lender
190,user_190,pass_190123,Lender
191,user_191,pass_191123,Lender
192,user_192,pass_192123,Lender
193,user_193,pass_193123,Lender
194,user_194,pass_194123,Lender
195,user_195,pass_195123,Lender
196,user_196,pass_196123,Lender
197,user_197,pass_197123,Lender
198,user_198,pass_198123,Lender
199,user_199,pass_199123,Lender
200,user_200,pass_200123,Lender
